Topic,Homework,Deadline,URL,Completed
[Syllabus](https://svenbuerki.github.io/EEB603_Reproducible_Science/index.html),,,[Syllabus](https://svenbuerki.github.io/EEB603_Reproducible_Science/index.html),_
[Chapt. 1 - part A](https://svenbuerki.github.io/EEB603_Reproducible_Science/Chapters.html#WhatRepSci),"<ul><li>Read the syllabus carefully</li><li>Note any questions you have, and ask them in class</li></ul>",,[Chapter 1](https://svenbuerki.github.io/EEB603_Reproducible_Science/Chapters.html#chap1) & [Chapter 2](https://svenbuerki.github.io/EEB603_Reproducible_Science/Chapters.html#chap2),x
[Chapt. 1 - part A: start at section 2.4.3 (Case Studies and Challenges)](https://svenbuerki.github.io/EEB603_Reproducible_Science/Chapters.html#CaseStudies),"<ul><li>Read your assigned publication for Chapter 1 - part A (on [Google Drive](https://drive.google.com/drive/folders/1AeoPIzzs4mEUMIhUiACT7TYtUHS9U0Nu?usp=drive_link))</li><li>Identify its reproducibility challenges, ready to discuss them with your group</li></ul>",,[Part A](https://svenbuerki.github.io/EEB603_Reproducible_Science/Chapters.html#partA),x
Complete [Chapt. 1 - part A: start at section 2.4.5 (Wrap-up and Future Directions)](https://svenbuerki.github.io/EEB603_Reproducible_Science/Chapters.html#WrapUp) and [Chapt. 1 - part B](https://svenbuerki.github.io/EEB603_Reproducible_Science/Chapters.html#WhatFacBreakRep),"<ul><li>Read Baker (2016) (on [Google Drive](https://drive.google.com/drive/folders/13aOxsvVgyxA3sm8bf1RBXLvrR5nCHVhp?usp=drive_link))</li><li>Read the Summary (pages 5-19) of the <i>Reproducibility and Replicability in Science</i> report, from The National Academies Press (on [Google Drive](https://drive.google.com/drive/folders/13aOxsvVgyxA3sm8bf1RBXLvrR5nCHVhp?usp=drive_link))</li></ul>",,[Part A](https://svenbuerki.github.io/EEB603_Reproducible_Science/Chapters.html#partA) & [Part B: Set your R Markdown environment](https://svenbuerki.github.io/EEB603_Reproducible_Science/Chapters.html#partB),x
Complete [Chapt. 1 - part B](https://svenbuerki.github.io/EEB603_Reproducible_Science/Chapters.html#WhatFacBreakRep) and start [Chap. 2 - part A: Learning the basics](https://svenbuerki.github.io/EEB603_Reproducible_Science/Chapters.html#partA),<ul><li>[Sign up for a bioinformatics tutorial](https://svenbuerki.github.io/EEB603_Reproducible_Science/index.html#GoogleBioTut)</li><li>Finish your group’s draft [reproducibility charter](https://svenbuerki.github.io/EEB603_Reproducible_Science/Chapters.html#draftcharter) in the shared Google Doc</li><li>[Install software](https://svenbuerki.github.io/EEB603_Reproducible_Science/index.html#InstallSoftware)</li></ul>,,[Part B](https://svenbuerki.github.io/EEB603_Reproducible_Science/Chapters.html#partC),x
Complete [Chapt. 1 - Part B](https://svenbuerki.github.io/EEB603_Reproducible_Science/Chapters.html#commitcharter) (starting at section 2.5.5.7 Revise and Commit) and start [Chap. 2 - Part A: Learning the Basics](https://svenbuerki.github.io/EEB603_Reproducible_Science/Chapters.html#partA),<ul><li>Complete section [2.5.5.7 Revise and Commit](https://svenbuerki.github.io/EEB603_Reproducible_Science/Chapters.html#commitcharter) of your group’s charter</li></ul>,,[Part B](https://svenbuerki.github.io/EEB603_Reproducible_Science/Chapters.html#partC),x
Complete [Chap. 2 - Part A: Learning the Basics](https://svenbuerki.github.io/EEB603_Reproducible_Science/Chapters.html#partA),<ul><li>Complete section [3.2.4 Your First R Markdown Document](https://svenbuerki.github.io/EEB603_Reproducible_Science/Chapters.html#firstMDhow) of Chapter 2 - Part A</li></ul>,,[Part B](https://svenbuerki.github.io/EEB603_Reproducible_Science/Chapters.html#partC) & [Part C](https://svenbuerki.github.io/EEB603_Reproducible_Science/Chapters.html#partD),x
[Chap. 2 - Part B: Setting Your R Markdown Document](https://svenbuerki.github.io/EEB603_Reproducible_Science/Chapters.html#partB) (up to the end of [Install R Dependencies and Load Packages](https://svenbuerki.github.io/EEB603_Reproducible_Science/Chapters.html#loadRreq)),<ul><li>Complete [Chap. 2 - Part A: Learning the Basics](https://svenbuerki.github.io/EEB603_Reproducible_Science/Chapters.html#partA)</li></ul>,,[Part D](https://svenbuerki.github.io/EEB603_Reproducible_Science/Chapters.html#partE),x
"Complete [Chap. 2 - Part B](https://svenbuerki.github.io/EEB603_Reproducible_Science/Chapters.html#partB) (starting at [Generate a Citation File of R Packages Used](https://svenbuerki.github.io/EEB603_Reproducible_Science/Chapters.html#citfileRpkg)) and start [Chap. 2 - Part C: Tables, Figures and References](https://svenbuerki.github.io/EEB603_Reproducible_Science/Chapters.html#partC)",<ul><li>Complete [Chap. 2 - Part B](https://svenbuerki.github.io/EEB603_Reproducible_Science/Chapters.html#partB) up to the end of [Install R Dependencies and Load Packages](https://svenbuerki.github.io/EEB603_Reproducible_Science/Chapters.html#loadRreq)</li></ul>,,[Part D](https://svenbuerki.github.io/EEB603_Reproducible_Science/Chapters.html#partE),x
[Individual project workshop](https://svenbuerki.github.io/EEB603_Reproducible_Science/index.html#Report): develop your project and proposal with feedback from me,"<ul><li>Complete [Chap. 2 - Part B](https://svenbuerki.github.io/EEB603_Reproducible_Science/Chapters.html#partB) to the end, through [Generate Appendix with R Package Versions and Operating System](https://svenbuerki.github.io/EEB603_Reproducible_Science/Chapters.html#appendixRverOS)</li><li>Check your document against the [finished template](https://github.com/svenbuerki/EEB603_Reproducible_Science/blob/master/Exercises/Chapter_2/Chapter_2_partB_template.Rmd)</li><li>Read the [Project Proposal assignment](https://svenbuerki.github.io/EEB603_Reproducible_Science/Assignments.html#project-proposal-50-points) and its [rubric](https://svenbuerki.github.io/EEB603_Reproducible_Science/Evaluation_Forms/Project_Proposal_Evaluation_Form.pdf) before class</li><li>Bring your scientific question, your candidate dataset (yours or a publication), and anything you have already drafted or coded</li></ul>",,,x
"Review [Chap. 2 - Part C: Tables, Figures and References](https://svenbuerki.github.io/EEB603_Reproducible_Science/Chapters.html#partC), then [Chap. 2 - Part D: Advanced R and R Markdown Settings](https://svenbuerki.github.io/EEB603_Reproducible_Science/Chapters.html#partD)","<ul><li>Complete [Chap. 2 - Part C: Tables, Figures and References](https://svenbuerki.github.io/EEB603_Reproducible_Science/Chapters.html#partC)</li><li>If your document does not knit, download the [finished Part C document](https://github.com/svenbuerki/EEB603_Reproducible_Science/blob/master/Exercises/Chapter_2/Chapter_2_partC_template.Rmd) and bring it, so you can start Part D on time</li><li>Start drafting your [individual project proposal](https://svenbuerki.github.io/EEB603_Reproducible_Science/index.html#Proposal)</li></ul>",,[Publications and Resources for bioinformatic tutorials](https://svenbuerki.github.io/EEB603_Reproducible_Science/index.html#Publis),x
"[Insert a Figure from an Image File](https://svenbuerki.github.io/EEB603_Reproducible_Science/Chapters.html#figurefromfile): a 20-minute challenge filling a gap in Part C, then [Chap. 2 - Part E: User-Defined Functions in R](https://svenbuerki.github.io/EEB603_Reproducible_Science/Chapters.html#partE): what a function is, and your first UDF","<ul><li>Finish [Chap. 2 - Part D](https://svenbuerki.github.io/EEB603_Reproducible_Science/Chapters.html#partD): steps 6 to 9 of [Implement Global Options for Code Chunks](https://svenbuerki.github.io/EEB603_Reproducible_Science/Chapters.html#setupcode), the plot chunk and its cross-reference</li><li>Then complete the [Challenge](https://svenbuerki.github.io/EEB603_Reproducible_Science/Chapters.html#globalchallenge) at the end of Part D</li><li>Continue drafting your [individual project proposal](https://svenbuerki.github.io/EEB603_Reproducible_Science/index.html#Proposal)</li></ul>",,[Chapter 3](https://svenbuerki.github.io/EEB603_Reproducible_Science/Chapters.html#chap3),x
"Complete [Chap. 2 - Part E: User-Defined Functions in R](https://svenbuerki.github.io/EEB603_Reproducible_Science/Chapters.html#partE), starting at [Create, Name, and Access Elements of a List in R](https://svenbuerki.github.io/EEB603_Reproducible_Science/Chapters.html#Rlists)","<ul><li>Finish [UDFs That Return a Single Value](https://svenbuerki.github.io/EEB603_Reproducible_Science/Chapters.html#UDFsingle): implement `square_number.R` and apply it, then check your work against that section's Checkpoint</li><li>**Your [individual project proposal](https://svenbuerki.github.io/EEB603_Reproducible_Science/index.html#Proposal) is due by 5 PM on Thursday, 8 October.** **It must be an R Markdown source that knits** --- not a PDF or a Word file --- so leave time to check that it does. Bring any questions to Tuesday's class: it is your last chance to ask before you submit</li></ul>",,[Chapter 4](https://svenbuerki.github.io/EEB603_Reproducible_Science/Chapters.html#chap4),x
"Complete [Chap. 2 - Part E](https://svenbuerki.github.io/EEB603_Reproducible_Science/Chapters.html#partE) **in full**: pairs present their code for [UDFs that Return Multiple Values](https://svenbuerki.github.io/EEB603_Reproducible_Science/Chapters.html#UDFmultiple) at the whiteboard, then [Logical Operators](https://svenbuerki.github.io/EEB603_Reproducible_Science/Chapters.html#logicalop), [Defensive Programming](https://svenbuerki.github.io/EEB603_Reproducible_Science/Chapters.html#defensiveprog) and [Use Your UDFs in an R Markdown Document](https://svenbuerki.github.io/EEB603_Reproducible_Science/Chapters.html#UDFinRmd). We then start [Chap. 3: A Roadmap for Reproducible Science](https://svenbuerki.github.io/EEB603_Reproducible_Science/Chapters.html#chap3): the [steps of the scientific process](https://svenbuerki.github.io/EEB603_Reproducible_Science/Chapters.html#scientificprocess) and the [threats to it](https://svenbuerki.github.io/EEB603_Reproducible_Science/Chapters.html#threatstoprocess)","<ul><li>**Make sure you have completed [Develop, Implement, and Apply UDFs that Return Multiple Values](https://svenbuerki.github.io/EEB603_Reproducible_Science/Chapters.html#UDFmultiple)**: your pair presents its plan and its code at the whiteboard at the start of class, so the function needs to be written and tested</li><li>**Finalise and submit your [individual project proposal](https://svenbuerki.github.io/EEB603_Reproducible_Science/index.html#Proposal) by 5 PM.** **Hand in a folder named with your first and last name** (for example `Jane_Doe`) containing the `.Rmd` source and everything needed to knit it: the `.bib`, the `.csl`, any data and any images. See [How to Submit It](https://svenbuerki.github.io/EEB603_Reproducible_Science/Assignments.html#proposalsubmit). Before you submit, check that it knits without error, contains at least one code chunk that runs, and manages its citations through a bibliography file. **A PDF or Word file cannot earn the marks reserved for a working reproducible document**</li></ul>",**Turn in individual project proposal**,[Chapter 5 - Part A](https://svenbuerki.github.io/EEB603_Reproducible_Science/Chapters.html#partDM),
"Complete [Chap. 3](https://svenbuerki.github.io/EEB603_Reproducible_Science/Chapters.html#chap3): the group activities [Do Your Standards Hold?](https://svenbuerki.github.io/EEB603_Reproducible_Science/Chapters.html#charterthreats) and [Score Your Charter Against TOP](https://svenbuerki.github.io/EEB603_Reproducible_Science/Chapters.html#chartertop), with the [TOP Guidelines](https://svenbuerki.github.io/EEB603_Reproducible_Science/Chapters.html#TOP) in between","<ul><li>Read the [TOP Guidelines](https://svenbuerki.github.io/EEB603_Reproducible_Science/Chapters.html#TOP) section before class</li><li>**Read [Discuss Solutions to Mitigate Threats](https://svenbuerki.github.io/EEB603_Reproducible_Science/Chapters.html#soltothreats)**. This is not background reading: the activity that opens class asks you to write new clauses for your charter, and a clause naming an established practice is far stronger than one you invent</li></ul>",,[Chapter 5 - Part B](https://svenbuerki.github.io/EEB603_Reproducible_Science/Chapters.html#repcode),
Complete Chap. 4 (group activities on [CARE Principles and comparing FAIR & CARE Principles](https://svenbuerki.github.io/EEB603_Reproducible_Science/Chapters.html#OSgroupwork)) and introduction to [Chap. 5: Data Management](https://svenbuerki.github.io/EEB603_Reproducible_Science/Chapters.html#partDM),Read material presented in Chapter 4 and in Chapter 5 - Data Management,,[Chapter 6 - Part A](https://svenbuerki.github.io/EEB603_Reproducible_Science/Chapters.html#getpub),
Complete [Chap. 5: Data Management](https://svenbuerki.github.io/EEB603_Reproducible_Science/Chapters.html#partDM) and [Chap. 5: Reproducible Code](https://svenbuerki.github.io/EEB603_Reproducible_Science/Chapters.html#repcode),Read material presented in Chapter 5 - Reproducible Code,,[Chapter 6 - Part B](https://svenbuerki.github.io/EEB603_Reproducible_Science/Chapters.html#writpub),
[Chap. 6: Getting published & Peer review](https://svenbuerki.github.io/EEB603_Reproducible_Science/Chapters.html#chap6),Read material presented in Chapter 6.,,,
Bioinfo. tutorial - Chap. 7,Students work on bioinformatics tutorials and their individual projects,Turn in tutorial for Chap. 9,,
Bioinfo. tutorial - Chap. 8,Students work on bioinformatics tutorials and their individual projects,Upload tutorial of Chap. 9 on [Google Drive](https://drive.google.com/drive/folders/1eZyjGQ478vaKiGD01hcryyNtdGp9t1J7?usp=drive_link) -- `Bioinformatics_tutorials`,,
Bioinfo. tutorial - Chap. 9,Students work on bioinformatics tutorials and their individual projects,Turn in tutorial for Chap. 10,,
Bioinfo. tutorial - Chap. 9,Students work on bioinformatics tutorials and their individual projects,Upload tutorial of Chap. 10 on [Google Drive](https://drive.google.com/drive/folders/1eZyjGQ478vaKiGD01hcryyNtdGp9t1J7?usp=drive_link) -- `Bioinformatics_tutorials`,,
Bioinfo. tutorial - Chap. 10,Students work on bioinformatics tutorials and their individual projects,Turn in tutorial for Chap. 11,,
Bioinfo. tutorial - Chap. 10,Students work on bioinformatics tutorials and their individual projects,Upload tutorial of Chap. 11 on [Google Drive](https://drive.google.com/drive/folders/1eZyjGQ478vaKiGD01hcryyNtdGp9t1J7?usp=drive_link) -- `Bioinformatics_tutorials`,,
Bioinfo. tutorial - Chap. 11,Students work on bioinformatics tutorials and their individual projects,Turn in tutorial for Chap. 12,,
Bioinfo. tutorial - Chap. 11,Students work on bioinformatics tutorials and their individual projects,Upload tutorial of Chap. 12 on [Google Drive](https://drive.google.com/drive/folders/1eZyjGQ478vaKiGD01hcryyNtdGp9t1J7?usp=drive_link) -- `Bioinformatics_tutorials`,,
Bioinfo. tutorial - Chap. 12,Students work on bioinformatics tutorials and their individual projects,,,
Bioinfo. tutorial - Chap. 12,Students work on bioinformatics tutorials and their individual projects,**Turn in individual projects** (on [Google Drive](https://drive.google.com/drive/folders/1eZyjGQ478vaKiGD01hcryyNtdGp9t1J7?usp=drive_link) -- `Individual_reports`),,
Individual projects - feedback & Q&A,Revise your report using my feedback; prepare your presentation,,,
Individual projects - feedback & Q&A,Finalise your presentation,Upload slides of individual projects (on [Google Drive](https://drive.google.com/drive/folders/1eZyjGQ478vaKiGD01hcryyNtdGp9t1J7?usp=drive_link) -- `Individual_reports`),,
Oral presentations of individual projects,,,,
Oral presentations of individual projects,,,,
