"V1","x2","temp","trt","mass","biomass_index","notes"
"1","3/12/25","25°C","1","12.5 g","0.84","ok"
"2","3/12/25","25","1","11,8","0.79",""
"3","3/12/25","25","2","12.5","0.84","scale odd"
"4","12.03.2025","24.5","2","-999","-999","not measured"
"5","12.03.2025","24.5","3","9.2","0.61",""
"6","March 12","n/a","3","NA",".","juvenile?"
"7","3/19/25","22±0.5","1","10.4","0.70","redid site 2"
"8","3/19/25","22","1","10.2","",""
"9","3/19/25","22","2","1,250","0.83","see Müller notes"
"10","3/19/25",".","2","10.9","0.73","“big one”"
"11","3/19/25","22","3","8.7","0.58",""
"12","3/19/25","22","3","","0.62","lost tag"
